<?xml version="1.0" encoding="UTF-8"?>
<hotel>
  <informacion>
    <nombre>Hotel Paradise</nombre>
    <fecha>26/10/2025</fecha>
  </informacion>
  <reservas totalReservas="1">
    <reserva id="1" estado="Confirmada">
      <cliente>
        <id>4</id>
        <nombre>cristian</nombre>
        <email>crsio@d</email>
        <telefono>641241</telefono>
      </cliente>
      <habitacion numero="34" tipo="individual">
        <precioPorNoche>30.0</precioPorNoche>
        <disponible>true</disponible>
      </habitacion>
      <fechas>
        <entrada>11/12/2003</entrada>
        <salida>15/12/2003</salida>
        <noches>4</noches>
      </fechas>
    </reserva>
  </reservas>
</hotel>
