<?xml version="1.0" encoding="UTF-8"?>
<biblioteca>
  <informacion>
    <nombre>Biblioteca Municipal</nombre>
    <fecha>26/10/2025</fecha>
    <totalLibros>5</totalLibros>
  </informacion>

  <categorias>
    <categoria nombre="Ficción" totalLibros="2">
      <libro isbn="978-84-123" disponible="true">
        <titulo>El Quijote</titulo>
        <autor>Miguel de Cervantes</autor>
        <año>1605</año>
        <paginas>863</paginas>
        <prestamos>150</prestamos>
      </libro>
      <libro isbn="978-84-456" disponible="false">
        <titulo>Cien años de soledad</titulo>
        <autor>Gabriel García Márquez</autor>
        <año>1967</año>
        <paginas>471</paginas>
        <prestamos>98</prestamos>
      </libro>
      <estadisticas>
        <totalPrestamos>248</totalPrestamos>
        <prestamosMedio>124.0</prestamosMedio>
    </estadisticas>
    </categoria>
    <categoria nombre="Ciencia" totalLibros="2">
      <libro isbn="978-84-789" disponible="true">
        <titulo>Breve historia del tiempo</titulo>
        <autor>Stephen Hawking</autor>
        <año>1988</año>
        <paginas>256</paginas>
        <prestamos>120</prestamos>
      </libro>
      <libro isbn="978-84-321" disponible="true">
        <titulo>El origen de las especies</titulo>
        <autor>Charles Darwin</autor>
        <año>1859</año>
        <paginas>502</paginas>
        <prestamos>75</prestamos>
      </libro>
      <estadisticas>
        <totalPrestamos>195</totalPrestamos>
        <prestamosMedio>97.5</prestamosMedio>
    </estadisticas>
    </categoria>
    <categoria nombre="Clásicos" totalLibros="1">
      <libro isbn="978-84-654" disponible="false">
        <titulo>La Iliada</titulo>
        <autor>Homero</autor>
        <año>-750</año>
        <paginas>600</paginas>
        <prestamos>45</prestamos>
      </libro>
      <estadisticas>
        <totalPrestamos>45</totalPrestamos>
        <prestamosMedio>45.0</prestamosMedio>
    </estadisticas>
    </categoria>
  </categorias>
  <resumenGlobal>
    <totalCategorias>3</totalCategorias>
    <totalLibros>5</totalLibros>
    <librosDisponibles>3</librosDisponibles>
    <librosPrestados>2</librosPrestados>
  </resumenGlobal>
</biblioteca>
