{
  "biblioteca": {
    "informacion": {
      "nombre": "Biblioteca Municipal",
      "fecha": "26/10/2025",
      "totalLibros": 5
    },
    "categorias": {
      "Ficción": {
        "totalLibros": 2,
        "libros": [
          {
            "isbn": "978-84-123",
            "titulo": "El Quijote",
            "autor": "Miguel de Cervantes",
            "año": 1605,
            "paginas": 863,
            "disponible": true,
            "prestamos": 150
          },
          {
            "isbn": "978-84-456",
            "titulo": "Cien años de soledad",
            "autor": "Gabriel García Márquez",
            "año": 1967,
            "paginas": 471,
            "disponible": false,
            "prestamos": 98
          }
        ],
        "estadisticas": {
          "totalPrestamos": 248,
          "prestamosMedio": 124.0,
          "libroMasPrestado": "El Quijote"
      }
      },
      "Ciencia": {
        "totalLibros": 2,
        "libros": [
          {
            "isbn": "978-84-789",
            "titulo": "Breve historia del tiempo",
            "autor": "Stephen Hawking",
            "año": 1988,
            "paginas": 256,
            "disponible": true,
            "prestamos": 120
          },
          {
            "isbn": "978-84-321",
            "titulo": "El origen de las especies",
            "autor": "Charles Darwin",
            "año": 1859,
            "paginas": 502,
            "disponible": true,
            "prestamos": 75
          }
        ],
        "estadisticas": {
          "totalPrestamos": 195,
          "prestamosMedio": 97.5,
          "libroMasPrestado": "Breve historia del tiempo"
      }
      },
      "Clásicos": {
        "totalLibros": 1,
        "libros": [
          {
            "isbn": "978-84-654",
            "titulo": "La Iliada",
            "autor": "Homero",
            "año": -750,
            "paginas": 600,
            "disponible": false,
            "prestamos": 45
          }
        ],
        "estadisticas": {
          "totalPrestamos": 45,
          "prestamosMedio": 45.0,
          "libroMasPrestado": "La Iliada"
      }
      }
    },
    "resumenGlobal": {
      "totalCategorias": 3,
      "totalLibros": 5,
      "librosDisponibles": 3,
      "librosPrestados": 2,
      "totalPrestamosHistorico": 488
    }
  }
}
