# BIBLIOTECA MUNICIPAL - CATÁLOGO DE LIBROS

# CATEGORÍA: Ficción
ISBN;Título;Autor;Año;Páginas;Disponible;Préstamos
978-84-123;El Quijote;Miguel de Cervantes;1605;863;true;150
978-84-456;Cien años de soledad;Gabriel García Márquez;1967;471;false;98
# Subtotal Ficción: 2 libros, 248 préstamos

# CATEGORÍA: Ciencia
ISBN;Título;Autor;Año;Páginas;Disponible;Préstamos
978-84-789;Breve historia del tiempo;Stephen Hawking;1988;256;true;120
978-84-321;El origen de las especies;Charles Darwin;1859;502;true;75
# Subtotal Ciencia: 2 libros, 195 préstamos

# CATEGORÍA: Clásicos
ISBN;Título;Autor;Año;Páginas;Disponible;Préstamos
978-84-654;La Iliada;Homero;-750;600;false;45
# Subtotal Clásicos: 1 libros, 45 préstamos

