<?xml version="1.0" encoding="UTF-8"?>
<hotel>
  <informacion>
    <nombre>Hotel Paradise</nombre>
    <fecha>26/10/2025</fecha>
  </informacion>
  <reservas totalReservas="1">
    <reserva id="1" estado="Confirmada">
      <cliente>
        <id>1</id>
        <nombre>Juan García</nombre>
        <email>juan@email.com</email>
        <telefono>666111222</telefono>
      </cliente>
      <habitacion numero="101" tipo="Doble">
        <precioPorNoche>90,00</precioPorNoche>
        <disponible>false</disponible>
      </habitacion>
      <fechas>
        <entrada>20/10/2025</entrada>
        <salida>23/10/2025</salida>
        <noches>3</noches>
      </fechas>
      <precio>
        <total>270,00</total>
        <porNoche>90,00</porNoche>
      </precio>
    </reserva>
  </reservas>
  <estadisticas>
    <porTipoHabitacion>
      <Doble>
        <totalReservas>1</totalReservas>
        <ingresos>270,00</ingresos>
      </Doble>
    </porTipoHabitacion>
    <porEstado>
      <Confirmada>1</Confirmada>
    </porEstado>
    <resumen>
      <totalReservas>1</totalReservas>
      <ingresosTotal>270,00</ingresosTotal>
      <nochesReservadas>3</nochesReservadas>
    </resumen>
  </estadisticas>
</hotel>
