{
  "hotel": {
    "informacion": {
      "nombre": "Hotel Paradise",
      "fecha": "2025-10-26"
    },
    "clientes": {
      "1": {
        "nombre": "Juan García",
        "email": "juan@email.com",
        "telefono": "666111222"
      }
    },
    "habitaciones": {
      "101": {
        "tipo": "Doble",
        "precioPorNoche": 90.0,
        "disponible": false
      }
    },
    "reservas": [
      {
        "id": 1,
        "clienteId": 1,
        "habitacionNumero": 101,
        "fechaEntrada": "2025-10-20",
        "fechaSalida": "2025-10-23",
        "noches": 3,
        "precioTotal": 270.0,
        "estado": "Confirmada"
      }
    ],
    "estadisticas": {
      "porTipoHabitacion": {
        "Doble": {
          "totalReservas": 1,
          "ingresos": 270.0,
          "porcentaje": 100,0
        }
      },
      "porEstado": {
        "Confirmada": 1
      },
      "resumen": {
        "totalReservas": 1,
        "ingresosTotal": 270.0,
        "nochesReservadas": 3,
        "ocupacionMedia": 3,0
      }
    }
  }
}
