{
  "hotel": {
    "informacion": {
      "nombre": "Hotel Paradise",
      "fecha": "2025-10-26"
    },
    "clientes": {
      "1": {
        "nombre": "Juan García",
        "email": "juan@email.com",
        "telefono": "666111222"
      },
      "2": {
        "nombre": "María López",
        "email": "maria@email.com",
        "telefono": "666333444"
      }
    },
    "habitaciones": {
      "101": {
        "tipo": "Doble",
        "precioPorNoche": 90.0,
        "disponible": false
      },
      "205": {
        "tipo": "Suite",
        "precioPorNoche": 200.0,
        "disponible": true
      }
    },
    "reservas": [
      {
        "id": 1,
        "clienteId": 1,
        "habitacionNumero": 101,
        "fechaEntrada": "2025-10-20",
        "fechaSalida": "2025-10-23",
        "noches": 3,
        "precioTotal": 270.0,
        "estado": "Confirmada"
      },
      {
        "id": 2,
        "clienteId": 2,
        "habitacionNumero": 205,
        "fechaEntrada": "2025-10-21",
        "fechaSalida": "2025-10-25",
        "noches": 4,
        "precioTotal": 800.0,
        "estado": "Confirmada"
      }
    ],
    "estadisticas": {
      "porTipoHabitacion": {
        "Suite": {
          "totalReservas": 1,
          "ingresos": 800.0,
          "porcentaje": 50,0
        },
        "Doble": {
          "totalReservas": 1,
          "ingresos": 270.0,
          "porcentaje": 50,0
        }
      },
      "porEstado": {
        "Confirmada": 2
      },
      "resumen": {
        "totalReservas": 2,
        "ingresosTotal": 1070.0,
        "nochesReservadas": 7,
        "ocupacionMedia": 3,5
      }
    }
  }
}
